Referral Source,Company Number,Attention Name,Company Name,Web Address,Address Line 1,City,Phone Number,Fax Number,Sales Manager,State,Postal Code
Aging Services,10040,Ellen Renner,ABHOW-Rosewood Retirement Community,www.google.com,1301 New Stine Road,Bakersfield,(661) 834-0620,(661) 834-1234,chrisf,CA,93309
Aging Services,10040,Ellen Renner,ABHOW-Rosewood Retirement Community,www.google.com,1301 New Stine Road,Bakersfield,(661) 834-0620,(661) 834-1234,chrisf,CA,93309
employee import,10040,Ellen Renner,ABHOW-Rosewood Retirement Community,www.google.com,1301 New Stine Road,Bakersfield,(661) 834-0620,() -,seanf,CA,93309
Aging Services,10163,34400 Mission Blvd.,Masonic Homes-Acacia Creek at Union City,http://www.acaciacreek.org/,,Union City,(510) 441-3740,,chrisf,CA,94587
Aging Services,10272,Teresa Botto,Sisters of the Holy Names,,200 Prospect Ave.,Los Gatos,(408) 354-1730,,chrisf,CA,95032
Aging Services,10411,,Institute on Aging,,711 Eddy St,San Francisco,(415) 776-2160,,chrisf,CA,94109
Aging Services,10413,,Hanson Bridgett,hansonbridgett.com,425 Market St,San Francisco,(415) 777-3200,(415) 995-3518,chrisf,CA,94105
Aging Services,10414,,Lundburg Family Farms,,5370 Church St,Richvale,(530) 882-4551,() -,chrisf,CA,95973
Aging Services,10416,,Tricorp Hearn,,11281 Pyrites Way Ste A,Gold River,(916) 779-8010,(916) 779-8011,chrisf,CA,95670
Aging Services,10417,,Home & Health Care,www.homeandhealthcaremgmt.com,1398 Ridgewood Dr,Chico,(530) 343-0727,(530) 895-1703,,CA,95974
Aging Services,10418,,Holleran,,3710 Hempland Rd Ste 3,Mountville,(717) 285-2402,(717) 285-5486,chrisf,PA,1755
,,,,,,,,,,,